"admin_task_id";"Receipe_Id";"User_id";"Status";"Comments";"Lastupdated"
1;21;6;"Rejected";"Not Good";"2023-04-22 14:43:44"
2;19;6;"Rejected";"Not Good";"2023-04-22 16:26:51"
3;19;6;"Rejected";"Not Good";"2023-04-22 16:37:23"
4;19;6;"Rejected";"Not Good";"2023-04-22 16:49:54"
5;19;6;"Rejected";"Not Good";"2023-04-22 16:55:31"
6;20;6;"Approved";"Approved";"2023-04-22 17:43:19"
7;20;6;"Approved";"Approved";"2023-04-22 17:43:22"
8;20;6;"Approved";"Approved";"2023-04-22 17:43:22"
9;19;6;"Rejected";"Not Good";"2023-04-22 17:49:19"
10;20;6;"Approved";"Approved";"2023-04-22 17:49:38"
11;20;6;"Approved";"Approved";"2023-04-22 17:51:25"
12;21;6;"Approved";"Approved";"2023-04-23 18:36:33"
13;23;6;"Approved";"Approved";"2023-04-23 18:37:00"
14;24;6;"Approved";"Approved";"2023-04-23 18:37:17"
15;25;6;"Approved";"Approved";"2023-04-23 18:37:37"
16;26;6;"Approved";"Approved";"2023-04-23 19:04:55"
17;27;6;"Approved";"Approved";"2023-04-23 19:11:21"
18;28;6;"Approved";"Approved";"2023-04-23 19:11:45"
19;29;6;"Approved";"Approved";"2023-04-23 19:11:57"
20;30;6;"Approved";"Approved";"2023-04-23 19:12:09"
21;20;6;"Approved";"Approved";"2023-04-24 20:17:07"
